Q2_code,Survey,freq
Alteration,eoc1,2
Alteration,eoc2,1
Alterations,eoc1,1
Approval,eoc1,2
Approval,eoc2,1
Approval,eoc3,2
Clarification,eoc1,3
Clarification,eoc2,1
Enjoyed,eoc1,9
Enjoyed,eoc2,3
Enjoyed,eoc3,2
Enjoyed,eoc4,3
Enjoyed,eoc5,1
Excited,eoc1,1
Focus,eoc1,1
Format,eoc5,1
Informative,eoc1,1
Na,eoc4,1
None,eoc1,2
None,eoc2,2
Speaker,eoc1,1
too long,eoc1,1
Understanding,eoc1,1
want team-up,eoc1,1
went well,eoc5,1
NA,eoc1,8
NA,eoc2,3
NA,eoc3,2
NA,eoc4,2
NA,eoc5,3
